Image,Category
0,Daisy
1,Daisy
2,Daisy
3,Daisy
4,Daisy
5,Daisy
6,Daisy
7,Daisy
8,Daisy
9,Daisy
10,Daisy
11,Daisy
12,Daisy
13,Daisy
14,Daisy
15,Daisy
16,Daisy
17,Daisy
18,Daisy
19,Daisy
20,Daisy
21,Daisy
22,Daisy
23,Daisy
24,Daisy
25,Daisy
26,Daisy
27,Daisy
28,Daisy
29,Daisy
30,Daisy
31,Daisy
32,Daisy
33,Daisy
34,Daisy
35,Daisy
36,Daisy
37,Daisy
38,Daisy
39,Daisy
40,Daisy
41,Daisy
42,Daisy
43,Daisy
44,Daisy
45,Daisy
46,Daisy
47,Daisy
48,Daisy
49,Daisy
50,Daisy
51,Daisy
52,Daisy
53,Daisy
54,Daisy
55,Daisy
56,Daisy
57,Daisy
58,Daisy
59,Daisy
60,Daisy
61,Daisy
62,Daisy
63,Daisy
64,Daisy
65,Daisy
66,Daisy
67,Daisy
68,Daisy
69,Daisy
70,Daisy
71,Daisy
72,Daisy
73,Daisy
74,Daisy
75,Daisy
76,Daisy
77,Daisy
78,Daisy
79,Daisy
80,Daisy
81,Daisy
82,Daisy
83,Daisy
84,Daisy
85,Daisy
86,Daisy
87,Daisy
88,Daisy
89,Daisy
90,Daisy
91,Daisy
92,Daisy
93,Daisy
94,Daisy
95,Daisy
96,Daisy
97,Daisy
98,Daisy
99,Daisy
100,Daisy
101,Daisy
102,Daisy
103,Daisy
104,Daisy
105,Daisy
106,Daisy
107,Daisy
108,Daisy
109,Daisy
110,Daisy
111,Daisy
112,Daisy
113,Daisy
114,Daisy
115,Daisy
116,Daisy
117,Daisy
118,Daisy
119,Daisy
120,Daisy
121,Daisy
122,Daisy
123,Daisy
124,Daisy
125,Daisy
126,Daisy
127,Daisy
128,Daisy
129,Daisy
130,Daisy
131,Daisy
132,Daisy
133,Daisy
134,Daisy
135,Daisy
136,Daisy
137,Daisy
138,Daisy
139,Daisy
140,Daisy
141,Daisy
142,Daisy
143,Daisy
144,Daisy
145,Daisy
146,Daisy
147,Daisy
148,Daisy
149,Daisy
150,Daisy
151,Daisy
152,Daisy
153,Daisy
154,Daisy
155,Daisy
156,Daisy
157,Daisy
158,Daisy
159,Daisy
160,Daisy
161,Daisy
162,Daisy
163,Daisy
164,Daisy
165,Daisy
166,Daisy
167,Daisy
168,Daisy
169,Daisy
170,Daisy
171,Daisy
172,Daisy
173,Daisy
174,Daisy
175,Daisy
176,Daisy
177,Daisy
178,Daisy
179,Daisy
180,Daisy
181,Daisy
182,Daisy
183,Daisy
184,Daisy
185,Daisy
186,Daisy
187,Daisy
188,Daisy
189,Daisy
190,Daisy
191,Daisy
192,Daisy
193,Daisy
194,Daisy
195,Daisy
196,Daisy
197,Daisy
198,Daisy
199,Daisy
200,Daisy
201,Daisy
202,Daisy
203,Daisy
204,Daisy
205,Daisy
206,Daisy
207,Daisy
208,Daisy
209,Daisy
210,Daisy
211,Daisy
212,Daisy
213,Daisy
214,Daisy
215,Daisy
216,Daisy
217,Daisy
218,Daisy
219,Daisy
220,Daisy
221,Daisy
222,Daisy
223,Daisy
224,Daisy
225,Daisy
226,Daisy
227,Daisy
228,Daisy
229,Daisy
230,Daisy
231,Daisy
232,Daisy
233,Daisy
234,Daisy
235,Daisy
236,Daisy
237,Daisy
238,Daisy
239,Daisy
240,Daisy
241,Daisy
242,Daisy
243,Daisy
244,Daisy
245,Daisy
246,Daisy
247,Daisy
248,Daisy
249,Daisy
250,Daisy
251,Daisy
252,Daisy
253,Daisy
254,Daisy
255,Daisy
256,Daisy
257,Daisy
258,Daisy
259,Daisy
260,Daisy
261,Daisy
262,Daisy
263,Daisy
264,Daisy
265,Daisy
266,Daisy
267,Daisy
268,Daisy
269,Daisy
270,Daisy
271,Daisy
272,Daisy
273,Daisy
274,Daisy
275,Daisy
276,Daisy
277,Daisy
278,Daisy
279,Daisy
280,Daisy
281,Daisy
282,Daisy
283,Daisy
284,Daisy
285,Daisy
286,Daisy
287,Daisy
288,Daisy
289,Daisy
290,Daisy
291,Daisy
292,Daisy
293,Daisy
294,Daisy
295,Daisy
296,Daisy
297,Daisy
298,Daisy
299,Daisy
300,Daisy
301,Daisy
302,Daisy
303,Daisy
304,Daisy
305,Daisy
306,Daisy
307,Daisy
308,Daisy
309,Daisy
310,Daisy
311,Daisy
312,Daisy
313,Daisy
314,Daisy
315,Daisy
316,Daisy
317,Daisy
318,Daisy
319,Daisy
320,Daisy
321,Daisy
322,Daisy
323,Daisy
324,Daisy
325,Daisy
326,Daisy
327,Daisy
328,Daisy
329,Daisy
330,Daisy
331,Daisy
332,Daisy
333,Daisy
334,Daisy
335,Daisy
336,Daisy
337,Daisy
338,Daisy
339,Daisy
340,Daisy
341,Daisy
342,Daisy
343,Daisy
344,Daisy
345,Daisy
346,Daisy
347,Daisy
348,Daisy
349,Daisy
350,Daisy
351,Daisy
352,Daisy
353,Daisy
354,Daisy
355,Daisy
356,Daisy
357,Daisy
358,Daisy
359,Daisy
360,Daisy
361,Daisy
362,Daisy
363,Daisy
364,Daisy
365,Daisy
366,Daisy
367,Daisy
368,Daisy
369,Daisy
370,Daisy
371,Daisy
372,Daisy
373,Daisy
374,Daisy
375,Daisy
376,Daisy
377,Daisy
378,Daisy
379,Daisy
380,Daisy
381,Daisy
382,Daisy
383,Daisy
384,Daisy
385,Daisy
386,Daisy
387,Daisy
388,Daisy
389,Daisy
390,Daisy
391,Daisy
392,Daisy
393,Daisy
394,Daisy
395,Daisy
396,Daisy
397,Daisy
398,Daisy
399,Daisy
400,Daisy
401,Daisy
402,Daisy
403,Daisy
404,Daisy
405,Daisy
406,Daisy
407,Daisy
408,Daisy
409,Daisy
410,Daisy
411,Daisy
412,Daisy
413,Daisy
414,Daisy
415,Daisy
416,Daisy
417,Daisy
418,Daisy
419,Daisy
420,Daisy
421,Daisy
422,Daisy
423,Daisy
424,Daisy
425,Daisy
426,Daisy
427,Daisy
428,Daisy
429,Daisy
430,Daisy
431,Daisy
432,Daisy
433,Daisy
434,Daisy
435,Daisy
436,Daisy
437,Daisy
438,Daisy
439,Daisy
440,Daisy
441,Daisy
442,Daisy
443,Daisy
444,Daisy
445,Daisy
446,Daisy
447,Daisy
448,Daisy
449,Daisy
450,Daisy
451,Daisy
452,Daisy
453,Daisy
454,Daisy
455,Daisy
456,Daisy
457,Daisy
458,Daisy
459,Daisy
460,Daisy
461,Daisy
462,Daisy
463,Daisy
464,Daisy
465,Daisy
466,Daisy
467,Daisy
468,Daisy
469,Daisy
470,Daisy
471,Daisy
472,Daisy
473,Daisy
474,Daisy
475,Daisy
476,Daisy
477,Daisy
478,Daisy
479,Daisy
480,Daisy
481,Daisy
482,Daisy
483,Daisy
484,Daisy
485,Daisy
486,Daisy
487,Daisy
488,Daisy
489,Daisy
490,Daisy
491,Daisy
492,Daisy
493,Daisy
494,Daisy
495,Daisy
496,Daisy
497,Daisy
498,Daisy
499,Daisy
500,Daisy
501,Daisy
502,Daisy
503,Daisy
504,Daisy
505,Daisy
506,Daisy
507,Daisy
508,Daisy
509,Daisy
510,Daisy
511,Daisy
512,Daisy
513,Daisy
514,Daisy
515,Daisy
516,Daisy
517,Daisy
518,Daisy
519,Daisy
520,Daisy
521,Daisy
522,Daisy
523,Daisy
524,Daisy
525,Daisy
526,Daisy
527,Daisy
528,Daisy
529,Daisy
530,Daisy
531,Daisy
532,Daisy
533,Daisy
534,Daisy
535,Daisy
536,Daisy
537,Daisy
538,Daisy
539,Daisy
540,Daisy
541,Daisy
542,Daisy
543,Daisy
544,Daisy
545,Daisy
546,Daisy
547,Daisy
548,Daisy
549,Daisy
550,Daisy
551,Daisy
552,Daisy
553,Daisy
554,Daisy
555,Daisy
556,Daisy
557,Daisy
558,Daisy
559,Daisy
560,Daisy
561,Daisy
562,Daisy
563,Daisy
564,Daisy
565,Daisy
566,Daisy
567,Daisy
568,Daisy
569,Daisy
570,Daisy
571,Daisy
572,Daisy
573,Daisy
574,Daisy
575,Daisy
576,Daisy
577,Daisy
578,Daisy
579,Daisy
580,Daisy
581,Daisy
582,Daisy
583,Daisy
584,Daisy
585,Daisy
586,Daisy
587,Daisy
588,Daisy
589,Daisy
590,Daisy
591,Daisy
592,Daisy
593,Daisy
594,Daisy
595,Daisy
596,Daisy
597,Daisy
598,Daisy
599,Daisy
600,Daisy
601,Daisy
602,Daisy
603,Daisy
604,Daisy
605,Daisy
606,Daisy
607,Daisy
608,Daisy
609,Daisy
610,Daisy
611,Daisy
612,Daisy
613,Daisy
614,Daisy
615,Daisy
616,Daisy
617,Daisy
618,Daisy
619,Daisy
620,Daisy
621,Daisy
622,Daisy
623,Daisy
624,Daisy
625,Daisy
626,Daisy
627,Daisy
628,Daisy
629,Daisy
630,Daisy
631,Daisy
632,Daisy
633,Dandelion
634,Dandelion
635,Dandelion
636,Dandelion
637,Dandelion
638,Dandelion
639,Dandelion
640,Dandelion
641,Dandelion
642,Dandelion
643,Dandelion
644,Dandelion
645,Dandelion
646,Dandelion
647,Dandelion
648,Dandelion
649,Dandelion
650,Dandelion
651,Dandelion
652,Dandelion
653,Dandelion
654,Dandelion
655,Dandelion
656,Dandelion
657,Dandelion
658,Dandelion
659,Dandelion
660,Dandelion
661,Dandelion
662,Dandelion
663,Dandelion
664,Dandelion
665,Dandelion
666,Dandelion
667,Dandelion
668,Dandelion
669,Dandelion
670,Dandelion
671,Dandelion
672,Dandelion
673,Dandelion
674,Dandelion
675,Dandelion
676,Dandelion
677,Dandelion
678,Dandelion
679,Dandelion
680,Dandelion
681,Dandelion
682,Dandelion
683,Dandelion
684,Dandelion
685,Dandelion
686,Dandelion
687,Dandelion
688,Dandelion
689,Dandelion
690,Dandelion
691,Dandelion
692,Dandelion
693,Dandelion
694,Dandelion
695,Dandelion
696,Dandelion
697,Dandelion
698,Dandelion
699,Dandelion
700,Dandelion
701,Dandelion
702,Dandelion
703,Dandelion
704,Dandelion
705,Dandelion
706,Dandelion
707,Dandelion
708,Dandelion
709,Dandelion
710,Dandelion
711,Dandelion
712,Dandelion
713,Dandelion
714,Dandelion
715,Dandelion
716,Dandelion
717,Dandelion
718,Dandelion
719,Dandelion
720,Dandelion
721,Dandelion
722,Dandelion
723,Dandelion
724,Dandelion
725,Dandelion
726,Dandelion
727,Dandelion
728,Dandelion
729,Dandelion
730,Dandelion
731,Dandelion
732,Dandelion
733,Dandelion
734,Dandelion
735,Dandelion
736,Dandelion
737,Dandelion
738,Dandelion
739,Dandelion
740,Dandelion
741,Dandelion
742,Dandelion
743,Dandelion
744,Dandelion
745,Dandelion
746,Dandelion
747,Dandelion
748,Dandelion
749,Dandelion
750,Dandelion
751,Dandelion
752,Dandelion
753,Dandelion
754,Dandelion
755,Dandelion
756,Dandelion
757,Dandelion
758,Dandelion
759,Dandelion
760,Dandelion
761,Dandelion
762,Dandelion
763,Dandelion
764,Dandelion
765,Dandelion
766,Dandelion
767,Dandelion
768,Dandelion
769,Dandelion
770,Dandelion
771,Dandelion
772,Dandelion
773,Dandelion
774,Dandelion
775,Dandelion
776,Dandelion
777,Dandelion
778,Dandelion
779,Dandelion
780,Dandelion
781,Dandelion
782,Dandelion
783,Dandelion
784,Dandelion
785,Dandelion
786,Dandelion
787,Dandelion
788,Dandelion
789,Dandelion
790,Dandelion
791,Dandelion
792,Dandelion
793,Dandelion
794,Dandelion
795,Dandelion
796,Dandelion
797,Dandelion
798,Dandelion
799,Dandelion
800,Dandelion
801,Dandelion
802,Dandelion
803,Dandelion
804,Dandelion
805,Dandelion
806,Dandelion
807,Dandelion
808,Dandelion
809,Dandelion
810,Dandelion
811,Dandelion
812,Dandelion
813,Dandelion
814,Dandelion
815,Dandelion
816,Dandelion
817,Dandelion
818,Dandelion
819,Dandelion
820,Dandelion
821,Dandelion
822,Dandelion
823,Dandelion
824,Dandelion
825,Dandelion
826,Dandelion
827,Dandelion
828,Dandelion
829,Dandelion
830,Dandelion
831,Dandelion
832,Dandelion
833,Dandelion
834,Dandelion
835,Dandelion
836,Dandelion
837,Dandelion
838,Dandelion
839,Dandelion
840,Dandelion
841,Dandelion
842,Dandelion
843,Dandelion
844,Dandelion
845,Dandelion
846,Dandelion
847,Dandelion
848,Dandelion
849,Dandelion
850,Dandelion
851,Dandelion
852,Dandelion
853,Dandelion
854,Dandelion
855,Dandelion
856,Dandelion
857,Dandelion
858,Dandelion
859,Dandelion
860,Dandelion
861,Dandelion
862,Dandelion
863,Dandelion
864,Dandelion
865,Dandelion
866,Dandelion
867,Dandelion
868,Dandelion
869,Dandelion
870,Dandelion
871,Dandelion
872,Dandelion
873,Dandelion
874,Dandelion
875,Dandelion
876,Dandelion
877,Dandelion
878,Dandelion
879,Dandelion
880,Dandelion
881,Dandelion
882,Dandelion
883,Dandelion
884,Dandelion
885,Dandelion
886,Dandelion
887,Dandelion
888,Dandelion
889,Dandelion
890,Dandelion
891,Dandelion
892,Dandelion
893,Dandelion
894,Dandelion
895,Dandelion
896,Dandelion
897,Dandelion
898,Dandelion
899,Dandelion
900,Dandelion
901,Dandelion
902,Dandelion
903,Dandelion
904,Dandelion
905,Dandelion
906,Dandelion
907,Dandelion
908,Dandelion
909,Dandelion
910,Dandelion
911,Dandelion
912,Dandelion
913,Dandelion
914,Dandelion
915,Dandelion
916,Dandelion
917,Dandelion
918,Dandelion
919,Dandelion
920,Dandelion
921,Dandelion
922,Dandelion
923,Dandelion
924,Dandelion
925,Dandelion
926,Dandelion
927,Dandelion
928,Dandelion
929,Dandelion
930,Dandelion
931,Dandelion
932,Dandelion
933,Dandelion
934,Dandelion
935,Dandelion
936,Dandelion
937,Dandelion
938,Dandelion
939,Dandelion
940,Dandelion
941,Dandelion
942,Dandelion
943,Dandelion
944,Dandelion
945,Dandelion
946,Dandelion
947,Dandelion
948,Dandelion
949,Dandelion
950,Dandelion
951,Dandelion
952,Dandelion
953,Dandelion
954,Dandelion
955,Dandelion
956,Dandelion
957,Dandelion
958,Dandelion
959,Dandelion
960,Dandelion
961,Dandelion
962,Dandelion
963,Dandelion
964,Dandelion
965,Dandelion
966,Dandelion
967,Dandelion
968,Dandelion
969,Dandelion
970,Dandelion
971,Dandelion
972,Dandelion
973,Dandelion
974,Dandelion
975,Dandelion
976,Dandelion
977,Dandelion
978,Dandelion
979,Dandelion
980,Dandelion
981,Dandelion
982,Dandelion
983,Dandelion
984,Dandelion
985,Dandelion
986,Dandelion
987,Dandelion
988,Dandelion
989,Dandelion
990,Dandelion
991,Dandelion
992,Dandelion
993,Dandelion
994,Dandelion
995,Dandelion
996,Dandelion
997,Dandelion
998,Dandelion
999,Dandelion
1000,Dandelion
1001,Dandelion
1002,Dandelion
1003,Dandelion
1004,Dandelion
1005,Dandelion
1006,Dandelion
1007,Dandelion
1008,Dandelion
1009,Dandelion
1010,Dandelion
1011,Dandelion
1012,Dandelion
1013,Dandelion
1014,Dandelion
1015,Dandelion
1016,Dandelion
1017,Dandelion
1018,Dandelion
1019,Dandelion
1020,Dandelion
1021,Dandelion
1022,Dandelion
1023,Dandelion
1024,Dandelion
1025,Dandelion
1026,Dandelion
1027,Dandelion
1028,Dandelion
1029,Dandelion
1030,Dandelion
1031,Dandelion
1032,Dandelion
1033,Dandelion
1034,Dandelion
1035,Dandelion
1036,Dandelion
1037,Dandelion
1038,Dandelion
1039,Dandelion
1040,Dandelion
1041,Dandelion
1042,Dandelion
1043,Dandelion
1044,Dandelion
1045,Dandelion
1046,Dandelion
1047,Dandelion
1048,Dandelion
1049,Dandelion
1050,Dandelion
1051,Dandelion
1052,Dandelion
1053,Dandelion
1054,Dandelion
1055,Dandelion
1056,Dandelion
1057,Dandelion
1058,Dandelion
1059,Dandelion
1060,Dandelion
1061,Dandelion
1062,Dandelion
1063,Dandelion
1064,Dandelion
1065,Dandelion
1066,Dandelion
1067,Dandelion
1068,Dandelion
1069,Dandelion
1070,Dandelion
1071,Dandelion
1072,Dandelion
1073,Dandelion
1074,Dandelion
1075,Dandelion
1076,Dandelion
1077,Dandelion
1078,Dandelion
1079,Dandelion
1080,Dandelion
1081,Dandelion
1082,Dandelion
1083,Dandelion
1084,Dandelion
1085,Dandelion
1086,Dandelion
1087,Dandelion
1088,Dandelion
1089,Dandelion
1090,Dandelion
1091,Dandelion
1092,Dandelion
1093,Dandelion
1094,Dandelion
1095,Dandelion
1096,Dandelion
1097,Dandelion
1098,Dandelion
1099,Dandelion
1100,Dandelion
1101,Dandelion
1102,Dandelion
1103,Dandelion
1104,Dandelion
1105,Dandelion
1106,Dandelion
1107,Dandelion
1108,Dandelion
1109,Dandelion
1110,Dandelion
1111,Dandelion
1112,Dandelion
1113,Dandelion
1114,Dandelion
1115,Dandelion
1116,Dandelion
1117,Dandelion
1118,Dandelion
1119,Dandelion
1120,Dandelion
1121,Dandelion
1122,Dandelion
1123,Dandelion
1124,Dandelion
1125,Dandelion
1126,Dandelion
1127,Dandelion
1128,Dandelion
1129,Dandelion
1130,Dandelion
1131,Dandelion
1132,Dandelion
1133,Dandelion
1134,Dandelion
1135,Dandelion
1136,Dandelion
1137,Dandelion
1138,Dandelion
1139,Dandelion
1140,Dandelion
1141,Dandelion
1142,Dandelion
1143,Dandelion
1144,Dandelion
1145,Dandelion
1146,Dandelion
1147,Dandelion
1148,Dandelion
1149,Dandelion
1150,Dandelion
1151,Dandelion
1152,Dandelion
1153,Dandelion
1154,Dandelion
1155,Dandelion
1156,Dandelion
1157,Dandelion
1158,Dandelion
1159,Dandelion
1160,Dandelion
1161,Dandelion
1162,Dandelion
1163,Dandelion
1164,Dandelion
1165,Dandelion
1166,Dandelion
1167,Dandelion
1168,Dandelion
1169,Dandelion
1170,Dandelion
1171,Dandelion
1172,Dandelion
1173,Dandelion
1174,Dandelion
1175,Dandelion
1176,Dandelion
1177,Dandelion
1178,Dandelion
1179,Dandelion
1180,Dandelion
1181,Dandelion
1182,Dandelion
1183,Dandelion
1184,Dandelion
1185,Dandelion
1186,Dandelion
1187,Dandelion
1188,Dandelion
1189,Dandelion
1190,Dandelion
1191,Dandelion
1192,Dandelion
1193,Dandelion
1194,Dandelion
1195,Dandelion
1196,Dandelion
1197,Dandelion
1198,Dandelion
1199,Dandelion
1200,Dandelion
1201,Dandelion
1202,Dandelion
1203,Dandelion
1204,Dandelion
1205,Dandelion
1206,Dandelion
1207,Dandelion
1208,Dandelion
1209,Dandelion
1210,Dandelion
1211,Dandelion
1212,Dandelion
1213,Dandelion
1214,Dandelion
1215,Dandelion
1216,Dandelion
1217,Dandelion
1218,Dandelion
1219,Dandelion
1220,Dandelion
1221,Dandelion
1222,Dandelion
1223,Dandelion
1224,Dandelion
1225,Dandelion
1226,Dandelion
1227,Dandelion
1228,Dandelion
1229,Dandelion
1230,Dandelion
1231,Dandelion
1232,Dandelion
1233,Dandelion
1234,Dandelion
1235,Dandelion
1236,Dandelion
1237,Dandelion
1238,Dandelion
1239,Dandelion
1240,Dandelion
1241,Dandelion
1242,Dandelion
1243,Dandelion
1244,Dandelion
1245,Dandelion
1246,Dandelion
1247,Dandelion
1248,Dandelion
1249,Dandelion
1250,Dandelion
1251,Dandelion
1252,Dandelion
1253,Dandelion
1254,Dandelion
1255,Dandelion
1256,Dandelion
1257,Dandelion
1258,Dandelion
1259,Dandelion
1260,Dandelion
1261,Dandelion
1262,Dandelion
1263,Dandelion
1264,Dandelion
1265,Dandelion
1266,Dandelion
1267,Dandelion
1268,Dandelion
1269,Dandelion
1270,Dandelion
1271,Dandelion
1272,Dandelion
1273,Dandelion
1274,Dandelion
1275,Dandelion
1276,Dandelion
1277,Dandelion
1278,Dandelion
1279,Dandelion
1280,Dandelion
1281,Dandelion
1282,Dandelion
1283,Dandelion
1284,Dandelion
1285,Dandelion
1286,Dandelion
1287,Dandelion
1288,Dandelion
1289,Dandelion
1290,Dandelion
1291,Dandelion
1292,Dandelion
1293,Dandelion
1294,Dandelion
1295,Dandelion
1296,Dandelion
1297,Dandelion
1298,Dandelion
1299,Dandelion
1300,Dandelion
1301,Dandelion
1302,Dandelion
1303,Dandelion
1304,Dandelion
1305,Dandelion
1306,Dandelion
1307,Dandelion
1308,Dandelion
1309,Dandelion
1310,Dandelion
1311,Dandelion
1312,Dandelion
1313,Dandelion
1314,Dandelion
1315,Dandelion
1316,Dandelion
1317,Dandelion
1318,Dandelion
1319,Dandelion
1320,Dandelion
1321,Dandelion
1322,Dandelion
1323,Dandelion
1324,Dandelion
1325,Dandelion
1326,Dandelion
1327,Dandelion
1328,Dandelion
1329,Dandelion
1330,Dandelion
1331,Dandelion
1332,Dandelion
1333,Dandelion
1334,Dandelion
1335,Dandelion
1336,Dandelion
1337,Dandelion
1338,Dandelion
1339,Dandelion
1340,Dandelion
1341,Dandelion
1342,Dandelion
1343,Dandelion
1344,Dandelion
1345,Dandelion
1346,Dandelion
1347,Dandelion
1348,Dandelion
1349,Dandelion
1350,Dandelion
1351,Dandelion
1352,Dandelion
1353,Dandelion
1354,Dandelion
1355,Dandelion
1356,Dandelion
1357,Dandelion
1358,Dandelion
1359,Dandelion
1360,Dandelion
1361,Dandelion
1362,Dandelion
1363,Dandelion
1364,Dandelion
1365,Dandelion
1366,Dandelion
1367,Dandelion
1368,Dandelion
1369,Dandelion
1370,Dandelion
1371,Dandelion
1372,Dandelion
1373,Dandelion
1374,Dandelion
1375,Dandelion
1376,Dandelion
1377,Dandelion
1378,Dandelion
1379,Dandelion
1380,Dandelion
1381,Dandelion
1382,Dandelion
1383,Dandelion
1384,Dandelion
1385,Dandelion
1386,Dandelion
1387,Dandelion
1388,Dandelion
1389,Dandelion
1390,Dandelion
1391,Dandelion
1392,Dandelion
1393,Dandelion
1394,Dandelion
1395,Dandelion
1396,Dandelion
1397,Dandelion
1398,Dandelion
1399,Dandelion
1400,Dandelion
1401,Dandelion
1402,Dandelion
1403,Dandelion
1404,Dandelion
1405,Dandelion
1406,Dandelion
1407,Dandelion
1408,Dandelion
1409,Dandelion
1410,Dandelion
1411,Dandelion
1412,Dandelion
1413,Dandelion
1414,Dandelion
1415,Dandelion
1416,Dandelion
1417,Dandelion
1418,Dandelion
1419,Dandelion
1420,Dandelion
1421,Dandelion
1422,Dandelion
1423,Dandelion
1424,Dandelion
1425,Dandelion
1426,Dandelion
1427,Dandelion
1428,Dandelion
1429,Dandelion
1430,Dandelion
1431,Dandelion
1432,Dandelion
1433,Dandelion
1434,Dandelion
1435,Dandelion
1436,Dandelion
1437,Dandelion
1438,Dandelion
1439,Dandelion
1440,Dandelion
1441,Dandelion
1442,Dandelion
1443,Dandelion
1444,Dandelion
1445,Dandelion
1446,Dandelion
1447,Dandelion
1448,Dandelion
1449,Dandelion
1450,Dandelion
1451,Dandelion
1452,Dandelion
1453,Dandelion
1454,Dandelion
1455,Dandelion
1456,Dandelion
1457,Dandelion
1458,Dandelion
1459,Dandelion
1460,Dandelion
1461,Dandelion
1462,Dandelion
1463,Dandelion
1464,Dandelion
1465,Dandelion
1466,Dandelion
1467,Dandelion
1468,Dandelion
1469,Dandelion
1470,Dandelion
1471,Dandelion
1472,Dandelion
1473,Dandelion
1474,Dandelion
1475,Dandelion
1476,Dandelion
1477,Dandelion
1478,Dandelion
1479,Dandelion
1480,Dandelion
1481,Dandelion
1482,Dandelion
1483,Dandelion
1484,Dandelion
1485,Dandelion
1486,Dandelion
1487,Dandelion
1488,Dandelion
1489,Dandelion
1490,Dandelion
1491,Dandelion
1492,Dandelion
1493,Dandelion
1494,Dandelion
1495,Dandelion
1496,Dandelion
1497,Dandelion
1498,Dandelion
1499,Dandelion
1500,Dandelion
1501,Dandelion
1502,Dandelion
1503,Dandelion
1504,Dandelion
1505,Dandelion
1506,Dandelion
1507,Dandelion
1508,Dandelion
1509,Dandelion
1510,Dandelion
1511,Dandelion
1512,Dandelion
1513,Dandelion
1514,Dandelion
1515,Dandelion
1516,Dandelion
1517,Dandelion
1518,Dandelion
1519,Dandelion
1520,Dandelion
1521,Dandelion
1522,Dandelion
1523,Dandelion
1524,Dandelion
1525,Dandelion
1526,Dandelion
1527,Dandelion
1528,Dandelion
1529,Dandelion
1530,Dandelion
1531,Rose
1532,Rose
1533,Rose
1534,Rose
1535,Rose
1536,Rose
1537,Rose
1538,Rose
1539,Rose
1540,Rose
1541,Rose
1542,Rose
1543,Rose
1544,Rose
1545,Rose
1546,Rose
1547,Rose
1548,Rose
1549,Rose
1550,Rose
1551,Rose
1552,Rose
1553,Rose
1554,Rose
1555,Rose
1556,Rose
1557,Rose
1558,Rose
1559,Rose
1560,Rose
1561,Rose
1562,Rose
1563,Rose
1564,Rose
1565,Rose
1566,Rose
1567,Rose
1568,Rose
1569,Rose
1570,Rose
1571,Rose
1572,Rose
1573,Rose
1574,Rose
1575,Rose
1576,Rose
1577,Rose
1578,Rose
1579,Rose
1580,Rose
1581,Rose
1582,Rose
1583,Rose
1584,Rose
1585,Rose
1586,Rose
1587,Rose
1588,Rose
1589,Rose
1590,Rose
1591,Rose
1592,Rose
1593,Rose
1594,Rose
1595,Rose
1596,Rose
1597,Rose
1598,Rose
1599,Rose
1600,Rose
1601,Rose
1602,Rose
1603,Rose
1604,Rose
1605,Rose
1606,Rose
1607,Rose
1608,Rose
1609,Rose
1610,Rose
1611,Rose
1612,Rose
1613,Rose
1614,Rose
1615,Rose
1616,Rose
1617,Rose
1618,Rose
1619,Rose
1620,Rose
1621,Rose
1622,Rose
1623,Rose
1624,Rose
1625,Rose
1626,Rose
1627,Rose
1628,Rose
1629,Rose
1630,Rose
1631,Rose
1632,Rose
1633,Rose
1634,Rose
1635,Rose
1636,Rose
1637,Rose
1638,Rose
1639,Rose
1640,Rose
1641,Rose
1642,Rose
1643,Rose
1644,Rose
1645,Rose
1646,Rose
1647,Rose
1648,Rose
1649,Rose
1650,Rose
1651,Rose
1652,Rose
1653,Rose
1654,Rose
1655,Rose
1656,Rose
1657,Rose
1658,Rose
1659,Rose
1660,Rose
1661,Rose
1662,Rose
1663,Rose
1664,Rose
1665,Rose
1666,Rose
1667,Rose
1668,Rose
1669,Rose
1670,Rose
1671,Rose
1672,Rose
1673,Rose
1674,Rose
1675,Rose
1676,Rose
1677,Rose
1678,Rose
1679,Rose
1680,Rose
1681,Rose
1682,Rose
1683,Rose
1684,Rose
1685,Rose
1686,Rose
1687,Rose
1688,Rose
1689,Rose
1690,Rose
1691,Rose
1692,Rose
1693,Rose
1694,Rose
1695,Rose
1696,Rose
1697,Rose
1698,Rose
1699,Rose
1700,Rose
1701,Rose
1702,Rose
1703,Rose
1704,Rose
1705,Rose
1706,Rose
1707,Rose
1708,Rose
1709,Rose
1710,Rose
1711,Rose
1712,Rose
1713,Rose
1714,Rose
1715,Rose
1716,Rose
1717,Rose
1718,Rose
1719,Rose
1720,Rose
1721,Rose
1722,Rose
1723,Rose
1724,Rose
1725,Rose
1726,Rose
1727,Rose
1728,Rose
1729,Rose
1730,Rose
1731,Rose
1732,Rose
1733,Rose
1734,Rose
1735,Rose
1736,Rose
1737,Rose
1738,Rose
1739,Rose
1740,Rose
1741,Rose
1742,Rose
1743,Rose
1744,Rose
1745,Rose
1746,Rose
1747,Rose
1748,Rose
1749,Rose
1750,Rose
1751,Rose
1752,Rose
1753,Rose
1754,Rose
1755,Rose
1756,Rose
1757,Rose
1758,Rose
1759,Rose
1760,Rose
1761,Rose
1762,Rose
1763,Rose
1764,Rose
1765,Rose
1766,Rose
1767,Rose
1768,Rose
1769,Rose
1770,Rose
1771,Rose
1772,Rose
1773,Rose
1774,Rose
1775,Rose
1776,Rose
1777,Rose
1778,Rose
1779,Rose
1780,Rose
1781,Rose
1782,Rose
1783,Rose
1784,Rose
1785,Rose
1786,Rose
1787,Rose
1788,Rose
1789,Rose
1790,Rose
1791,Rose
1792,Rose
1793,Rose
1794,Rose
1795,Rose
1796,Rose
1797,Rose
1798,Rose
1799,Rose
1800,Rose
1801,Rose
1802,Rose
1803,Rose
1804,Rose
1805,Rose
1806,Rose
1807,Rose
1808,Rose
1809,Rose
1810,Rose
1811,Rose
1812,Rose
1813,Rose
1814,Rose
1815,Rose
1816,Rose
1817,Rose
1818,Rose
1819,Rose
1820,Rose
1821,Rose
1822,Rose
1823,Rose
1824,Rose
1825,Rose
1826,Rose
1827,Rose
1828,Rose
1829,Rose
1830,Rose
1831,Rose
1832,Rose
1833,Rose
1834,Rose
1835,Rose
1836,Rose
1837,Rose
1838,Rose
1839,Rose
1840,Rose
1841,Rose
1842,Rose
1843,Rose
1844,Rose
1845,Rose
1846,Rose
1847,Rose
1848,Rose
1849,Rose
1850,Rose
1851,Rose
1852,Rose
1853,Rose
1854,Rose
1855,Rose
1856,Rose
1857,Rose
1858,Rose
1859,Rose
1860,Rose
1861,Rose
1862,Rose
1863,Rose
1864,Rose
1865,Rose
1866,Rose
1867,Rose
1868,Rose
1869,Rose
1870,Rose
1871,Rose
1872,Rose
1873,Rose
1874,Rose
1875,Rose
1876,Rose
1877,Rose
1878,Rose
1879,Rose
1880,Rose
1881,Rose
1882,Rose
1883,Rose
1884,Rose
1885,Rose
1886,Rose
1887,Rose
1888,Rose
1889,Rose
1890,Rose
1891,Rose
1892,Rose
1893,Rose
1894,Rose
1895,Rose
1896,Rose
1897,Rose
1898,Rose
1899,Rose
1900,Rose
1901,Rose
1902,Rose
1903,Rose
1904,Rose
1905,Rose
1906,Rose
1907,Rose
1908,Rose
1909,Rose
1910,Rose
1911,Rose
1912,Rose
1913,Rose
1914,Rose
1915,Rose
1916,Rose
1917,Rose
1918,Rose
1919,Rose
1920,Rose
1921,Rose
1922,Rose
1923,Rose
1924,Rose
1925,Rose
1926,Rose
1927,Rose
1928,Rose
1929,Rose
1930,Rose
1931,Rose
1932,Rose
1933,Rose
1934,Rose
1935,Rose
1936,Rose
1937,Rose
1938,Rose
1939,Rose
1940,Rose
1941,Rose
1942,Rose
1943,Rose
1944,Rose
1945,Rose
1946,Rose
1947,Rose
1948,Rose
1949,Rose
1950,Rose
1951,Rose
1952,Rose
1953,Rose
1954,Rose
1955,Rose
1956,Rose
1957,Rose
1958,Rose
1959,Rose
1960,Rose
1961,Rose
1962,Rose
1963,Rose
1964,Rose
1965,Rose
1966,Rose
1967,Rose
1968,Rose
1969,Rose
1970,Rose
1971,Rose
1972,Rose
1973,Rose
1974,Rose
1975,Rose
1976,Rose
1977,Rose
1978,Rose
1979,Rose
1980,Rose
1981,Rose
1982,Rose
1983,Rose
1984,Rose
1985,Rose
1986,Rose
1987,Rose
1988,Rose
1989,Rose
1990,Rose
1991,Rose
1992,Rose
1993,Rose
1994,Rose
1995,Rose
1996,Rose
1997,Rose
1998,Rose
1999,Rose
2000,Rose
2001,Rose
2002,Rose
2003,Rose
2004,Rose
2005,Rose
2006,Rose
2007,Rose
2008,Rose
2009,Rose
2010,Rose
2011,Rose
2012,Rose
2013,Rose
2014,Rose
2015,Rose
2016,Rose
2017,Rose
2018,Rose
2019,Rose
2020,Rose
2021,Rose
2022,Rose
2023,Rose
2024,Rose
2025,Rose
2026,Rose
2027,Rose
2028,Rose
2029,Rose
2030,Rose
2031,Rose
2032,Rose
2033,Rose
2034,Rose
2035,Rose
2036,Rose
2037,Rose
2038,Rose
2039,Rose
2040,Rose
2041,Rose
2042,Rose
2043,Rose
2044,Rose
2045,Rose
2046,Rose
2047,Rose
2048,Rose
2049,Rose
2050,Rose
2051,Rose
2052,Rose
2053,Rose
2054,Rose
2055,Rose
2056,Rose
2057,Rose
2058,Rose
2059,Rose
2060,Rose
2061,Rose
2062,Rose
2063,Rose
2064,Rose
2065,Rose
2066,Rose
2067,Rose
2068,Rose
2069,Rose
2070,Rose
2071,Rose
2072,Rose
2073,Rose
2074,Rose
2075,Rose
2076,Rose
2077,Rose
2078,Rose
2079,Rose
2080,Rose
2081,Rose
2082,Rose
2083,Rose
2084,Rose
2085,Rose
2086,Rose
2087,Rose
2088,Rose
2089,Rose
2090,Rose
2091,Rose
2092,Rose
2093,Rose
2094,Rose
2095,Rose
2096,Rose
2097,Rose
2098,Rose
2099,Rose
2100,Rose
2101,Rose
2102,Rose
2103,Rose
2104,Rose
2105,Rose
2106,Rose
2107,Rose
2108,Rose
2109,Rose
2110,Rose
2111,Rose
2112,Rose
2113,Rose
2114,Rose
2115,Rose
2116,Rose
2117,Rose
2118,Rose
2119,Rose
2120,Rose
2121,Rose
2122,Rose
2123,Rose
2124,Rose
2125,Rose
2126,Rose
2127,Rose
2128,Rose
2129,Rose
2130,Rose
2131,Rose
2132,Rose
2133,Rose
2134,Rose
2135,Rose
2136,Rose
2137,Rose
2138,Rose
2139,Rose
2140,Rose
2141,Rose
2142,Rose
2143,Rose
2144,Rose
2145,Rose
2146,Rose
2147,Rose
2148,Rose
2149,Rose
2150,Rose
2151,Rose
2152,Rose
2153,Rose
2154,Rose
2155,Rose
2156,Rose
2157,Rose
2158,Rose
2159,Rose
2160,Rose
2161,Rose
2162,Rose
2163,Rose
2164,Rose
2165,Rose
2166,Rose
2167,Rose
2168,Rose
2169,Rose
2170,Rose
2171,Rose
2172,Sunflower
2173,Sunflower
2174,Sunflower
2175,Sunflower
2176,Sunflower
2177,Sunflower
2178,Sunflower
2179,Sunflower
2180,Sunflower
2181,Sunflower
2182,Sunflower
2183,Sunflower
2184,Sunflower
2185,Sunflower
2186,Sunflower
2187,Sunflower
2188,Sunflower
2189,Sunflower
2190,Sunflower
2191,Sunflower
2192,Sunflower
2193,Sunflower
2194,Sunflower
2195,Sunflower
2196,Sunflower
2197,Sunflower
2198,Sunflower
2199,Sunflower
2200,Sunflower
2201,Sunflower
2202,Sunflower
2203,Sunflower
2204,Sunflower
2205,Sunflower
2206,Sunflower
2207,Sunflower
2208,Sunflower
2209,Sunflower
2210,Sunflower
2211,Sunflower
2212,Sunflower
2213,Sunflower
2214,Sunflower
2215,Sunflower
2216,Sunflower
2217,Sunflower
2218,Sunflower
2219,Sunflower
2220,Sunflower
2221,Sunflower
2222,Sunflower
2223,Sunflower
2224,Sunflower
2225,Sunflower
2226,Sunflower
2227,Sunflower
2228,Sunflower
2229,Sunflower
2230,Sunflower
2231,Sunflower
2232,Sunflower
2233,Sunflower
2234,Sunflower
2235,Sunflower
2236,Sunflower
2237,Sunflower
2238,Sunflower
2239,Sunflower
2240,Sunflower
2241,Sunflower
2242,Sunflower
2243,Sunflower
2244,Sunflower
2245,Sunflower
2246,Sunflower
2247,Sunflower
2248,Sunflower
2249,Sunflower
2250,Sunflower
2251,Sunflower
2252,Sunflower
2253,Sunflower
2254,Sunflower
2255,Sunflower
2256,Sunflower
2257,Sunflower
2258,Sunflower
2259,Sunflower
2260,Sunflower
2261,Sunflower
2262,Sunflower
2263,Sunflower
2264,Sunflower
2265,Sunflower
2266,Sunflower
2267,Sunflower
2268,Sunflower
2269,Sunflower
2270,Sunflower
2271,Sunflower
2272,Sunflower
2273,Sunflower
2274,Sunflower
2275,Sunflower
2276,Sunflower
2277,Sunflower
2278,Sunflower
2279,Sunflower
2280,Sunflower
2281,Sunflower
2282,Sunflower
2283,Sunflower
2284,Sunflower
2285,Sunflower
2286,Sunflower
2287,Sunflower
2288,Sunflower
2289,Sunflower
2290,Sunflower
2291,Sunflower
2292,Sunflower
2293,Sunflower
2294,Sunflower
2295,Sunflower
2296,Sunflower
2297,Sunflower
2298,Sunflower
2299,Sunflower
2300,Sunflower
2301,Sunflower
2302,Sunflower
2303,Sunflower
2304,Sunflower
2305,Sunflower
2306,Sunflower
2307,Sunflower
2308,Sunflower
2309,Sunflower
2310,Sunflower
2311,Sunflower
2312,Sunflower
2313,Sunflower
2314,Sunflower
2315,Sunflower
2316,Sunflower
2317,Sunflower
2318,Sunflower
2319,Sunflower
2320,Sunflower
2321,Sunflower
2322,Sunflower
2323,Sunflower
2324,Sunflower
2325,Sunflower
2326,Sunflower
2327,Sunflower
2328,Sunflower
2329,Sunflower
2330,Sunflower
2331,Sunflower
2332,Sunflower
2333,Sunflower
2334,Sunflower
2335,Sunflower
2336,Sunflower
2337,Sunflower
2338,Sunflower
2339,Sunflower
2340,Sunflower
2341,Sunflower
2342,Sunflower
2343,Sunflower
2344,Sunflower
2345,Sunflower
2346,Sunflower
2347,Sunflower
2348,Sunflower
2349,Sunflower
2350,Sunflower
2351,Sunflower
2352,Sunflower
2353,Sunflower
2354,Sunflower
2355,Sunflower
2356,Sunflower
2357,Sunflower
2358,Sunflower
2359,Sunflower
2360,Sunflower
2361,Sunflower
2362,Sunflower
2363,Sunflower
2364,Sunflower
2365,Sunflower
2366,Sunflower
2367,Sunflower
2368,Sunflower
2369,Sunflower
2370,Sunflower
2371,Sunflower
2372,Sunflower
2373,Sunflower
2374,Sunflower
2375,Sunflower
2376,Sunflower
2377,Sunflower
2378,Sunflower
2379,Sunflower
2380,Sunflower
2381,Sunflower
2382,Sunflower
2383,Sunflower
2384,Sunflower
2385,Sunflower
2386,Sunflower
2387,Sunflower
2388,Sunflower
2389,Sunflower
2390,Sunflower
2391,Sunflower
2392,Sunflower
2393,Sunflower
2394,Sunflower
2395,Sunflower
2396,Sunflower
2397,Sunflower
2398,Sunflower
2399,Sunflower
2400,Sunflower
2401,Sunflower
2402,Sunflower
2403,Sunflower
2404,Sunflower
2405,Sunflower
2406,Sunflower
2407,Sunflower
2408,Sunflower
2409,Sunflower
2410,Sunflower
2411,Sunflower
2412,Sunflower
2413,Sunflower
2414,Sunflower
2415,Sunflower
2416,Sunflower
2417,Sunflower
2418,Sunflower
2419,Sunflower
2420,Sunflower
2421,Sunflower
2422,Sunflower
2423,Sunflower
2424,Sunflower
2425,Sunflower
2426,Sunflower
2427,Sunflower
2428,Sunflower
2429,Sunflower
2430,Sunflower
2431,Sunflower
2432,Sunflower
2433,Sunflower
2434,Sunflower
2435,Sunflower
2436,Sunflower
2437,Sunflower
2438,Sunflower
2439,Sunflower
2440,Sunflower
2441,Sunflower
2442,Sunflower
2443,Sunflower
2444,Sunflower
2445,Sunflower
2446,Sunflower
2447,Sunflower
2448,Sunflower
2449,Sunflower
2450,Sunflower
2451,Sunflower
2452,Sunflower
2453,Sunflower
2454,Sunflower
2455,Sunflower
2456,Sunflower
2457,Sunflower
2458,Sunflower
2459,Sunflower
2460,Sunflower
2461,Sunflower
2462,Sunflower
2463,Sunflower
2464,Sunflower
2465,Sunflower
2466,Sunflower
2467,Sunflower
2468,Sunflower
2469,Sunflower
2470,Sunflower
2471,Sunflower
2472,Sunflower
2473,Sunflower
2474,Sunflower
2475,Sunflower
2476,Sunflower
2477,Sunflower
2478,Sunflower
2479,Sunflower
2480,Sunflower
2481,Sunflower
2482,Sunflower
2483,Sunflower
2484,Sunflower
2485,Sunflower
2486,Sunflower
2487,Sunflower
2488,Sunflower
2489,Sunflower
2490,Sunflower
2491,Sunflower
2492,Sunflower
2493,Sunflower
2494,Sunflower
2495,Sunflower
2496,Sunflower
2497,Sunflower
2498,Sunflower
2499,Sunflower
2500,Sunflower
2501,Sunflower
2502,Sunflower
2503,Sunflower
2504,Sunflower
2505,Sunflower
2506,Sunflower
2507,Sunflower
2508,Sunflower
2509,Sunflower
2510,Sunflower
2511,Sunflower
2512,Sunflower
2513,Sunflower
2514,Sunflower
2515,Sunflower
2516,Sunflower
2517,Sunflower
2518,Sunflower
2519,Sunflower
2520,Sunflower
2521,Sunflower
2522,Sunflower
2523,Sunflower
2524,Sunflower
2525,Sunflower
2526,Sunflower
2527,Sunflower
2528,Sunflower
2529,Sunflower
2530,Sunflower
2531,Sunflower
2532,Sunflower
2533,Sunflower
2534,Sunflower
2535,Sunflower
2536,Sunflower
2537,Sunflower
2538,Sunflower
2539,Sunflower
2540,Sunflower
2541,Sunflower
2542,Sunflower
2543,Sunflower
2544,Sunflower
2545,Sunflower
2546,Sunflower
2547,Sunflower
2548,Sunflower
2549,Sunflower
2550,Sunflower
2551,Sunflower
2552,Sunflower
2553,Sunflower
2554,Sunflower
2555,Sunflower
2556,Sunflower
2557,Sunflower
2558,Sunflower
2559,Sunflower
2560,Sunflower
2561,Sunflower
2562,Sunflower
2563,Sunflower
2564,Sunflower
2565,Sunflower
2566,Sunflower
2567,Sunflower
2568,Sunflower
2569,Sunflower
2570,Sunflower
2571,Sunflower
2572,Sunflower
2573,Sunflower
2574,Sunflower
2575,Sunflower
2576,Sunflower
2577,Sunflower
2578,Sunflower
2579,Sunflower
2580,Sunflower
2581,Sunflower
2582,Sunflower
2583,Sunflower
2584,Sunflower
2585,Sunflower
2586,Sunflower
2587,Sunflower
2588,Sunflower
2589,Sunflower
2590,Sunflower
2591,Sunflower
2592,Sunflower
2593,Sunflower
2594,Sunflower
2595,Sunflower
2596,Sunflower
2597,Sunflower
2598,Sunflower
2599,Sunflower
2600,Sunflower
2601,Sunflower
2602,Sunflower
2603,Sunflower
2604,Sunflower
2605,Sunflower
2606,Sunflower
2607,Sunflower
2608,Sunflower
2609,Sunflower
2610,Sunflower
2611,Sunflower
2612,Sunflower
2613,Sunflower
2614,Sunflower
2615,Sunflower
2616,Sunflower
2617,Sunflower
2618,Sunflower
2619,Sunflower
2620,Sunflower
2621,Sunflower
2622,Sunflower
2623,Sunflower
2624,Sunflower
2625,Sunflower
2626,Sunflower
2627,Sunflower
2628,Sunflower
2629,Sunflower
2630,Sunflower
2631,Sunflower
2632,Sunflower
2633,Sunflower
2634,Sunflower
2635,Sunflower
2636,Sunflower
2637,Sunflower
2638,Sunflower
2639,Sunflower
2640,Sunflower
2641,Sunflower
2642,Sunflower
2643,Sunflower
2644,Sunflower
2645,Sunflower
2646,Sunflower
2647,Sunflower
2648,Sunflower
2649,Sunflower
2650,Sunflower
2651,Sunflower
2652,Sunflower
2653,Sunflower
2654,Sunflower
2655,Sunflower
2656,Sunflower
2657,Sunflower
2658,Sunflower
2659,Sunflower
2660,Sunflower
2661,Sunflower
2662,Sunflower
2663,Sunflower
2664,Sunflower
2665,Sunflower
2666,Sunflower
2667,Sunflower
2668,Sunflower
2669,Sunflower
2670,Sunflower
2671,Sunflower
2672,Sunflower
2673,Sunflower
2674,Sunflower
2675,Sunflower
2676,Sunflower
2677,Sunflower
2678,Sunflower
2679,Sunflower
2680,Sunflower
2681,Sunflower
2682,Sunflower
2683,Sunflower
2684,Sunflower
2685,Sunflower
2686,Sunflower
2687,Sunflower
2688,Sunflower
2689,Sunflower
2690,Sunflower
2691,Sunflower
2692,Sunflower
2693,Sunflower
2694,Sunflower
2695,Sunflower
2696,Sunflower
2697,Sunflower
2698,Sunflower
2699,Sunflower
2700,Sunflower
2701,Sunflower
2702,Sunflower
2703,Sunflower
2704,Sunflower
2705,Sunflower
2706,Sunflower
2707,Sunflower
2708,Sunflower
2709,Sunflower
2710,Sunflower
2711,Sunflower
2712,Sunflower
2713,Sunflower
2714,Sunflower
2715,Sunflower
2716,Sunflower
2717,Sunflower
2718,Sunflower
2719,Sunflower
2720,Sunflower
2721,Sunflower
2722,Sunflower
2723,Sunflower
2724,Sunflower
2725,Sunflower
2726,Sunflower
2727,Sunflower
2728,Sunflower
2729,Sunflower
2730,Sunflower
2731,Sunflower
2732,Sunflower
2733,Sunflower
2734,Sunflower
2735,Sunflower
2736,Sunflower
2737,Sunflower
2738,Sunflower
2739,Sunflower
2740,Sunflower
2741,Sunflower
2742,Sunflower
2743,Sunflower
2744,Sunflower
2745,Sunflower
2746,Sunflower
2747,Sunflower
2748,Sunflower
2749,Sunflower
2750,Sunflower
2751,Sunflower
2752,Sunflower
2753,Sunflower
2754,Sunflower
2755,Sunflower
2756,Sunflower
2757,Sunflower
2758,Sunflower
2759,Sunflower
2760,Sunflower
2761,Sunflower
2762,Sunflower
2763,Sunflower
2764,Sunflower
2765,Sunflower
2766,Sunflower
2767,Sunflower
2768,Sunflower
2769,Sunflower
2770,Sunflower
2771,Sunflower
2772,Sunflower
2773,Sunflower
2774,Sunflower
2775,Sunflower
2776,Sunflower
2777,Sunflower
2778,Sunflower
2779,Sunflower
2780,Sunflower
2781,Sunflower
2782,Sunflower
2783,Sunflower
2784,Sunflower
2785,Sunflower
2786,Sunflower
2787,Sunflower
2788,Sunflower
2789,Sunflower
2790,Sunflower
2791,Sunflower
2792,Sunflower
2793,Sunflower
2794,Sunflower
2795,Sunflower
2796,Sunflower
2797,Sunflower
2798,Sunflower
2799,Sunflower
2800,Sunflower
2801,Sunflower
2802,Sunflower
2803,Sunflower
2804,Sunflower
2805,Sunflower
2806,Sunflower
2807,Sunflower
2808,Sunflower
2809,Sunflower
2810,Sunflower
2811,Sunflower
2812,Sunflower
2813,Sunflower
2814,Sunflower
2815,Sunflower
2816,Sunflower
2817,Sunflower
2818,Sunflower
2819,Sunflower
2820,Sunflower
2821,Sunflower
2822,Sunflower
2823,Sunflower
2824,Sunflower
2825,Sunflower
2826,Sunflower
2827,Sunflower
2828,Sunflower
2829,Sunflower
2830,Sunflower
2831,Sunflower
2832,Sunflower
2833,Sunflower
2834,Sunflower
2835,Sunflower
2836,Sunflower
2837,Sunflower
2838,Sunflower
2839,Sunflower
2840,Sunflower
2841,Sunflower
2842,Sunflower
2843,Sunflower
2844,Sunflower
2845,Sunflower
2846,Sunflower
2847,Sunflower
2848,Sunflower
2849,Sunflower
2850,Sunflower
2851,Sunflower
2852,Sunflower
2853,Sunflower
2854,Sunflower
2855,Sunflower
2856,Sunflower
2857,Sunflower
2858,Sunflower
2859,Sunflower
2860,Sunflower
2861,Sunflower
2862,Sunflower
2863,Sunflower
2864,Sunflower
2865,Sunflower
2866,Sunflower
2867,Sunflower
2868,Sunflower
2869,Sunflower
2870,Sunflower
2871,Tulip
2872,Tulip
2873,Tulip
2874,Tulip
2875,Tulip
2876,Tulip
2877,Tulip
2878,Tulip
2879,Tulip
2880,Tulip
2881,Tulip
2882,Tulip
2883,Tulip
2884,Tulip
2885,Tulip
2886,Tulip
2887,Tulip
2888,Tulip
2889,Tulip
2890,Tulip
2891,Tulip
2892,Tulip
2893,Tulip
2894,Tulip
2895,Tulip
2896,Tulip
2897,Tulip
2898,Tulip
2899,Tulip
2900,Tulip
2901,Tulip
2902,Tulip
2903,Tulip
2904,Tulip
2905,Tulip
2906,Tulip
2907,Tulip
2908,Tulip
2909,Tulip
2910,Tulip
2911,Tulip
2912,Tulip
2913,Tulip
2914,Tulip
2915,Tulip
2916,Tulip
2917,Tulip
2918,Tulip
2919,Tulip
2920,Tulip
2921,Tulip
2922,Tulip
2923,Tulip
2924,Tulip
2925,Tulip
2926,Tulip
2927,Tulip
2928,Tulip
2929,Tulip
2930,Tulip
2931,Tulip
2932,Tulip
2933,Tulip
2934,Tulip
2935,Tulip
2936,Tulip
2937,Tulip
2938,Tulip
2939,Tulip
2940,Tulip
2941,Tulip
2942,Tulip
2943,Tulip
2944,Tulip
2945,Tulip
2946,Tulip
2947,Tulip
2948,Tulip
2949,Tulip
2950,Tulip
2951,Tulip
2952,Tulip
2953,Tulip
2954,Tulip
2955,Tulip
2956,Tulip
2957,Tulip
2958,Tulip
2959,Tulip
2960,Tulip
2961,Tulip
2962,Tulip
2963,Tulip
2964,Tulip
2965,Tulip
2966,Tulip
2967,Tulip
2968,Tulip
2969,Tulip
2970,Tulip
2971,Tulip
2972,Tulip
2973,Tulip
2974,Tulip
2975,Tulip
2976,Tulip
2977,Tulip
2978,Tulip
2979,Tulip
2980,Tulip
2981,Tulip
2982,Tulip
2983,Tulip
2984,Tulip
2985,Tulip
2986,Tulip
2987,Tulip
2988,Tulip
2989,Tulip
2990,Tulip
2991,Tulip
2992,Tulip
2993,Tulip
2994,Tulip
2995,Tulip
2996,Tulip
2997,Tulip
2998,Tulip
2999,Tulip
3000,Tulip
3001,Tulip
3002,Tulip
3003,Tulip
3004,Tulip
3005,Tulip
3006,Tulip
3007,Tulip
3008,Tulip
3009,Tulip
3010,Tulip
3011,Tulip
3012,Tulip
3013,Tulip
3014,Tulip
3015,Tulip
3016,Tulip
3017,Tulip
3018,Tulip
3019,Tulip
3020,Tulip
3021,Tulip
3022,Tulip
3023,Tulip
3024,Tulip
3025,Tulip
3026,Tulip
3027,Tulip
3028,Tulip
3029,Tulip
3030,Tulip
3031,Tulip
3032,Tulip
3033,Tulip
3034,Tulip
3035,Tulip
3036,Tulip
3037,Tulip
3038,Tulip
3039,Tulip
3040,Tulip
3041,Tulip
3042,Tulip
3043,Tulip
3044,Tulip
3045,Tulip
3046,Tulip
3047,Tulip
3048,Tulip
3049,Tulip
3050,Tulip
3051,Tulip
3052,Tulip
3053,Tulip
3054,Tulip
3055,Tulip
3056,Tulip
3057,Tulip
3058,Tulip
3059,Tulip
3060,Tulip
3061,Tulip
3062,Tulip
3063,Tulip
3064,Tulip
3065,Tulip
3066,Tulip
3067,Tulip
3068,Tulip
3069,Tulip
3070,Tulip
3071,Tulip
3072,Tulip
3073,Tulip
3074,Tulip
3075,Tulip
3076,Tulip
3077,Tulip
3078,Tulip
3079,Tulip
3080,Tulip
3081,Tulip
3082,Tulip
3083,Tulip
3084,Tulip
3085,Tulip
3086,Tulip
3087,Tulip
3088,Tulip
3089,Tulip
3090,Tulip
3091,Tulip
3092,Tulip
3093,Tulip
3094,Tulip
3095,Tulip
3096,Tulip
3097,Tulip
3098,Tulip
3099,Tulip
3100,Tulip
3101,Tulip
3102,Tulip
3103,Tulip
3104,Tulip
3105,Tulip
3106,Tulip
3107,Tulip
3108,Tulip
3109,Tulip
3110,Tulip
3111,Tulip
3112,Tulip
3113,Tulip
3114,Tulip
3115,Tulip
3116,Tulip
3117,Tulip
3118,Tulip
3119,Tulip
3120,Tulip
3121,Tulip
3122,Tulip
3123,Tulip
3124,Tulip
3125,Tulip
3126,Tulip
3127,Tulip
3128,Tulip
3129,Tulip
3130,Tulip
3131,Tulip
3132,Tulip
3133,Tulip
3134,Tulip
3135,Tulip
3136,Tulip
3137,Tulip
3138,Tulip
3139,Tulip
3140,Tulip
3141,Tulip
3142,Tulip
3143,Tulip
3144,Tulip
3145,Tulip
3146,Tulip
3147,Tulip
3148,Tulip
3149,Tulip
3150,Tulip
3151,Tulip
3152,Tulip
3153,Tulip
3154,Tulip
3155,Tulip
3156,Tulip
3157,Tulip
3158,Tulip
3159,Tulip
3160,Tulip
3161,Tulip
3162,Tulip
3163,Tulip
3164,Tulip
3165,Tulip
3166,Tulip
3167,Tulip
3168,Tulip
3169,Tulip
3170,Tulip
3171,Tulip
3172,Tulip
3173,Tulip
3174,Tulip
3175,Tulip
3176,Tulip
3177,Tulip
3178,Tulip
3179,Tulip
3180,Tulip
3181,Tulip
3182,Tulip
3183,Tulip
3184,Tulip
3185,Tulip
3186,Tulip
3187,Tulip
3188,Tulip
3189,Tulip
3190,Tulip
3191,Tulip
3192,Tulip
3193,Tulip
3194,Tulip
3195,Tulip
3196,Tulip
3197,Tulip
3198,Tulip
3199,Tulip
3200,Tulip
3201,Tulip
3202,Tulip
3203,Tulip
3204,Tulip
3205,Tulip
3206,Tulip
3207,Tulip
3208,Tulip
3209,Tulip
3210,Tulip
3211,Tulip
3212,Tulip
3213,Tulip
3214,Tulip
3215,Tulip
3216,Tulip
3217,Tulip
3218,Tulip
3219,Tulip
3220,Tulip
3221,Tulip
3222,Tulip
3223,Tulip
3224,Tulip
3225,Tulip
3226,Tulip
3227,Tulip
3228,Tulip
3229,Tulip
3230,Tulip
3231,Tulip
3232,Tulip
3233,Tulip
3234,Tulip
3235,Tulip
3236,Tulip
3237,Tulip
3238,Tulip
3239,Tulip
3240,Tulip
3241,Tulip
3242,Tulip
3243,Tulip
3244,Tulip
3245,Tulip
3246,Tulip
3247,Tulip
3248,Tulip
3249,Tulip
3250,Tulip
3251,Tulip
3252,Tulip
3253,Tulip
3254,Tulip
3255,Tulip
3256,Tulip
3257,Tulip
3258,Tulip
3259,Tulip
3260,Tulip
3261,Tulip
3262,Tulip
3263,Tulip
3264,Tulip
3265,Tulip
3266,Tulip
3267,Tulip
3268,Tulip
3269,Tulip
3270,Tulip
3271,Tulip
3272,Tulip
3273,Tulip
3274,Tulip
3275,Tulip
3276,Tulip
3277,Tulip
3278,Tulip
3279,Tulip
3280,Tulip
3281,Tulip
3282,Tulip
3283,Tulip
3284,Tulip
3285,Tulip
3286,Tulip
3287,Tulip
3288,Tulip
3289,Tulip
3290,Tulip
3291,Tulip
3292,Tulip
3293,Tulip
3294,Tulip
3295,Tulip
3296,Tulip
3297,Tulip
3298,Tulip
3299,Tulip
3300,Tulip
3301,Tulip
3302,Tulip
3303,Tulip
3304,Tulip
3305,Tulip
3306,Tulip
3307,Tulip
3308,Tulip
3309,Tulip
3310,Tulip
3311,Tulip
3312,Tulip
3313,Tulip
3314,Tulip
3315,Tulip
3316,Tulip
3317,Tulip
3318,Tulip
3319,Tulip
3320,Tulip
3321,Tulip
3322,Tulip
3323,Tulip
3324,Tulip
3325,Tulip
3326,Tulip
3327,Tulip
3328,Tulip
3329,Tulip
3330,Tulip
3331,Tulip
3332,Tulip
3333,Tulip
3334,Tulip
3335,Tulip
3336,Tulip
3337,Tulip
3338,Tulip
3339,Tulip
3340,Tulip
3341,Tulip
3342,Tulip
3343,Tulip
3344,Tulip
3345,Tulip
3346,Tulip
3347,Tulip
3348,Tulip
3349,Tulip
3350,Tulip
3351,Tulip
3352,Tulip
3353,Tulip
3354,Tulip
3355,Tulip
3356,Tulip
3357,Tulip
3358,Tulip
3359,Tulip
3360,Tulip
3361,Tulip
3362,Tulip
3363,Tulip
3364,Tulip
3365,Tulip
3366,Tulip
3367,Tulip
3368,Tulip
3369,Tulip
3370,Tulip
3371,Tulip
3372,Tulip
3373,Tulip
3374,Tulip
3375,Tulip
3376,Tulip
3377,Tulip
3378,Tulip
3379,Tulip
3380,Tulip
3381,Tulip
3382,Tulip
3383,Tulip
3384,Tulip
3385,Tulip
3386,Tulip
3387,Tulip
3388,Tulip
3389,Tulip
3390,Tulip
3391,Tulip
3392,Tulip
3393,Tulip
3394,Tulip
3395,Tulip
3396,Tulip
3397,Tulip
3398,Tulip
3399,Tulip
3400,Tulip
3401,Tulip
3402,Tulip
3403,Tulip
3404,Tulip
3405,Tulip
3406,Tulip
3407,Tulip
3408,Tulip
3409,Tulip
3410,Tulip
3411,Tulip
3412,Tulip
3413,Tulip
3414,Tulip
3415,Tulip
3416,Tulip
3417,Tulip
3418,Tulip
3419,Tulip
3420,Tulip
3421,Tulip
3422,Tulip
3423,Tulip
3424,Tulip
3425,Tulip
3426,Tulip
3427,Tulip
3428,Tulip
3429,Tulip
3430,Tulip
3431,Tulip
3432,Tulip
3433,Tulip
3434,Tulip
3435,Tulip
3436,Tulip
3437,Tulip
3438,Tulip
3439,Tulip
3440,Tulip
3441,Tulip
3442,Tulip
3443,Tulip
3444,Tulip
3445,Tulip
3446,Tulip
3447,Tulip
3448,Tulip
3449,Tulip
3450,Tulip
3451,Tulip
3452,Tulip
3453,Tulip
3454,Tulip
3455,Tulip
3456,Tulip
3457,Tulip
3458,Tulip
3459,Tulip
3460,Tulip
3461,Tulip
3462,Tulip
3463,Tulip
3464,Tulip
3465,Tulip
3466,Tulip
3467,Tulip
3468,Tulip
3469,Tulip
3470,Tulip
3471,Tulip
3472,Tulip
3473,Tulip
3474,Tulip
3475,Tulip
3476,Tulip
3477,Tulip
3478,Tulip
3479,Tulip
3480,Tulip
3481,Tulip
3482,Tulip
3483,Tulip
3484,Tulip
3485,Tulip
3486,Tulip
3487,Tulip
3488,Tulip
3489,Tulip
3490,Tulip
3491,Tulip
3492,Tulip
3493,Tulip
3494,Tulip
3495,Tulip
3496,Tulip
3497,Tulip
3498,Tulip
3499,Tulip
3500,Tulip
3501,Tulip
3502,Tulip
3503,Tulip
3504,Tulip
3505,Tulip
3506,Tulip
3507,Tulip
3508,Tulip
3509,Tulip
3510,Tulip
3511,Tulip
3512,Tulip
3513,Tulip
3514,Tulip
3515,Tulip
3516,Tulip
3517,Tulip
3518,Tulip
3519,Tulip
3520,Tulip
3521,Tulip
3522,Tulip
3523,Tulip
3524,Tulip
3525,Tulip
3526,Tulip
3527,Tulip
3528,Tulip
3529,Tulip
3530,Tulip
3531,Tulip
3532,Tulip
3533,Tulip
3534,Tulip
3535,Tulip
3536,Tulip
3537,Tulip
3538,Tulip
3539,Tulip
3540,Tulip
3541,Tulip
3542,Tulip
3543,Tulip
3544,Tulip
3545,Tulip
3546,Tulip
3547,Tulip
3548,Tulip
3549,Tulip
3550,Tulip
3551,Tulip
3552,Tulip
3553,Tulip
3554,Tulip
3555,Tulip
3556,Tulip
3557,Tulip
3558,Tulip
3559,Tulip
3560,Tulip
3561,Tulip
3562,Tulip
3563,Tulip
3564,Tulip
3565,Tulip
3566,Tulip
3567,Tulip
3568,Tulip
3569,Tulip
3570,Tulip
3571,Tulip
3572,Tulip
3573,Tulip
3574,Tulip
3575,Tulip
3576,Tulip
3577,Tulip
3578,Tulip
3579,Tulip
3580,Tulip
3581,Tulip
3582,Tulip
3583,Tulip
3584,Tulip
3585,Tulip
3586,Tulip
3587,Tulip
3588,Tulip
3589,Tulip
3590,Tulip
3591,Tulip
3592,Tulip
3593,Tulip
3594,Tulip
3595,Tulip
3596,Tulip
3597,Tulip
3598,Tulip
3599,Tulip
3600,Tulip
3601,Tulip
3602,Tulip
3603,Tulip
3604,Tulip
3605,Tulip
3606,Tulip
3607,Tulip
3608,Tulip
3609,Tulip
3610,Tulip
3611,Tulip
3612,Tulip
3613,Tulip
3614,Tulip
3615,Tulip
3616,Tulip
3617,Tulip
3618,Tulip
3619,Tulip
3620,Tulip
3621,Tulip
3622,Tulip
3623,Tulip
3624,Tulip
3625,Tulip
3626,Tulip
3627,Tulip
3628,Tulip
3629,Tulip
3630,Tulip
3631,Tulip
3632,Tulip
3633,Tulip
3634,Tulip
3635,Tulip
3636,Tulip
3637,Tulip
3638,Tulip
3639,Tulip
3640,Tulip
3641,Tulip
3642,Tulip
3643,Tulip
3644,Tulip
3645,Tulip
3646,Tulip
3647,Tulip
3648,Tulip
3649,Tulip
3650,Tulip
3651,Tulip
3652,Tulip
3653,Tulip
3654,Tulip
3655,Tulip
3656,Tulip
3657,Tulip
3658,Tulip
3659,Tulip
3660,Tulip
3661,Tulip
3662,Tulip
3663,Tulip
3664,Tulip
3665,Tulip
3666,Tulip
3667,Tulip
3668,Tulip
3669,Tulip